Description,Date
export_to_drive_000,2023-12-31
export_to_drive_001,2023-12-31
export_to_drive_002,2023-12-31
export_to_drive_003,2023-12-31
export_to_drive_004,2023-12-31
export_to_drive_005,2023-12-31
export_to_drive_006,2023-12-31
export_to_drive_007,2023-12-31
export_to_drive_008,2023-12-31
export_to_drive_009,2023-12-31
export_to_drive_010,2023-12-31
export_to_drive_011,2023-12-31
export_to_drive_012,2023-12-31
export_to_drive_013,2023-12-31
export_to_drive_014,2023-12-31
export_to_drive_015,2023-12-31
export_to_drive_016,2023-12-31
export_to_drive_017,2023-12-31
export_to_drive_018,2023-12-31
export_to_drive_019,2023-12-31
export_to_drive_020,2023-12-31
export_to_drive_021,2023-12-31
export_to_drive_022,2023-12-31
export_to_drive_023,2023-12-31
export_to_drive_024,2023-12-31
export_to_drive_025,2023-12-31
export_to_drive_026,2023-12-31
export_to_drive_027,2023-12-31
export_to_drive_028,2023-12-31
export_to_drive_029,2023-12-31
export_to_drive_030,2023-12-31
export_to_drive_031,2023-12-31
export_to_drive_032,2023-12-31
export_to_drive_033,2023-12-31
export_to_drive_034,2023-12-31
export_to_drive_035,2023-12-31
export_to_drive_036,2023-12-31
export_to_drive_037,2023-12-31
export_to_drive_038,2023-12-31
export_to_drive_039,2023-12-31
export_to_drive_040,2023-12-31
export_to_drive_041,2023-12-31
export_to_drive_042,2023-12-31
export_to_drive_043,2023-12-31
export_to_drive_044,2023-12-31
export_to_drive_045,2023-12-31
export_to_drive_046,2023-12-31
export_to_drive_047,2023-12-31
export_to_drive_048,2023-12-31
export_to_drive_049,2023-12-31
export_to_drive_050,2023-12-31
export_to_drive_051,2023-12-31
export_to_drive_052,2023-12-31
export_to_drive_053,2023-12-31
export_to_drive_054,2023-12-31
export_to_drive_055,2023-12-31
export_to_drive_056,2023-12-31
export_to_drive_057,2023-12-31
export_to_drive_058,2023-12-31
export_to_drive_059,2023-12-31
export_to_drive_060,2023-12-31
export_to_drive_061,2023-12-31
export_to_drive_062,2023-12-31
export_to_drive_063,2023-12-31
export_to_drive_064,2023-12-31
export_to_drive_065,2023-12-31
export_to_drive_066,2023-12-31
export_to_drive_067,2023-12-31
export_to_drive_068,2023-12-31
export_to_drive_069,2023-12-31
export_to_drive_070,2023-12-31
export_to_drive_071,2023-12-31
export_to_drive_072,2023-12-31
export_to_drive_073,2023-12-31
export_to_drive_074,2023-12-31
export_to_drive_075,2023-12-31
export_to_drive_076,2023-12-31
export_to_drive_077,2023-12-31
export_to_drive_078,2023-12-31
export_to_drive_079,2023-12-31
export_to_drive_080,2023-12-31
export_to_drive_081,2023-12-31
export_to_drive_082,2023-12-31
export_to_drive_083,2023-12-31
export_to_drive_084,2023-12-31
export_to_drive_085,2023-12-31
export_to_drive_086,2023-12-31
export_to_drive_087,2023-12-31
export_to_drive_088,2023-12-31
export_to_drive_089,2023-12-31
export_to_drive_090,2023-12-31
export_to_drive_091,2023-12-31
export_to_drive_092,2023-12-31
export_to_drive_093,2023-12-31
export_to_drive_094,2023-12-31
export_to_drive_095,2023-12-31
export_to_drive_096,2023-12-31
export_to_drive_097,2023-12-31
export_to_drive_098,2023-12-31
export_to_drive_099,2023-12-31
